id,imdb_id,imdb_score,imdb_votes,tmdb_popularity,tmdb_score
ts21930,tt0159175,7.9,2116.0,45.82899999999999,8.0
ts25177,tt0159172,7.9,2281.0,41.25,8.1
ts35087,tt0185066,7.8,459.0,5.064,8.3
ts82387,tt0159192,8.0,1738.0,0.6,nan
ts2846,tt0159855,8.1,207.0,12.625,7.3
ts32935,tt0182646,7.8,1159.0,16.793,6.7
ts32687,tt0296386,7.5,2814.0,10.875,7.8
ts53300,tt0121655,7.3,189.0,0.6,10.0
ts4889,tt0287191,7.1,234.0,5.152,7.7
ts18639,tt2106179,7.8,27.0,2.0469999999999997,7.5
ts12564,tt1802896,5.6,55.0,1.02,4.0
ts208160,tt0243695,nan,nan,nan,nan
ts20740,tt0121220,8.8,125554.0,389.99,8.2
ts21560,tt0088509,8.6,55153.0,16.956,8.2
ts14127,tt0091211,8.3,3022.0,63.244,8.5
ts29377,tt0182616,8.5,480.0,7.813,7.7
ts42463,tt0144707,7.0,24.0,11.894,8.3
ts46776,tt0098492,7.7,1656.0,6.968999999999999,7.7
ts77258,nan,nan,nan,0.00011999999999999999,9.0
ts29400,tt0160427,7.7,825.0,17.033,6.8
ts12311,tt0131160,7.3,891.0,10.212,7.4
ts80937,nan,nan,nan,1.031,6.7
ts12843,tt0144736,7.6,263.0,9.065,6.2
ts56937,nan,nan,nan,2.6039999999999996,8.0
ts66982,tt0294184,6.6,51.0,4.143,6.5
ts68963,tt2211702,7.9,25.0,1.4609999999999999,8.0
ts37484,tt4730606,7.5,25.0,0.6,nan
ts28402,nan,nan,nan,2.259,10.0
ts88585,nan,nan,nan,4.654,6.0
ts40897,tt0431563,7.9,10.0,2.892,9.0
ts18589,tt0180345,7.1,51.0,5.735,6.0
ts22544,tt3124918,6.3,35.0,22.717,6.0
ts20339,tt0388629,8.8,112586.0,105.955,8.8
ts34435,tt0213338,8.9,112887.0,34.769,8.5
ts724,tt0279077,8.1,17209.0,24.250999999999998,8.1
ts28078,tt0185133,8.4,13046.0,33.701,8.8
ts29358,tt0285368,8.0,1884.0,11.242,8.3
ts25252,tt4834194,7.2,20888.0,75.438,7.3
ts21034,tt0290223,7.9,15823.0,149.74200000000002,8.6
ts28998,tt0176379,8.0,4498.0,20.233,7.2
ts34554,tt15072540,8.4,19012.0,63.141999999999996,8.6
ts10145,tt0131179,8.5,12734.0,37.134,7.9
ts28125,tt0481256,8.8,6566.0,213.72799999999998,8.7
ts4242,tt0139774,6.8,26274.0,24.059,7.7
ts26215,tt0159182,7.5,975.0,6.045,6.4
ts21278,tt0205410,8.1,1642.0,24.296999999999997,8.5
ts30730,nan,nan,nan,21.969,8.0
ts22286,tt0221735,8.0,4936.0,53.714,8.7
ts28824,tt0219458,5.7,468.0,5.081,6.0
ts30820,tt0965547,8.7,5434.0,33.523,8.7
ts87210,tt0203128,7.7,1091.0,0.6,8.0
ts848,tt0482107,7.4,334.0,4.4910000000000005,9.7
ts53340,tt0111973,7.8,950.0,11.763,8.1
ts28167,tt0115263,7.5,471.0,4.729,8.8
ts6051,tt0324700,7.3,939.0,8.929,6.4
ts12825,tt0278926,6.7,1208.0,4.551,5.8
ts75847,tt8816016,nan,nan,2.376,nan
ts10963,tt2160200,7.2,312.0,15.519,6.7
ts28574,tt0331743,7.2,905.0,7.611000000000001,6.3
ts3077,tt0261463,7.2,473.0,4.533,8.0
ts62420,tt0124971,6.4,320.0,3.3169999999999997,7.0
ts25067,tt0250155,6.3,279.0,3.5660000000000003,7.4
ts447,tt0282384,6.6,314.0,2.753,nan
ts64,tt0300739,7.0,292.0,7.119,8.3
ts31067,tt0192903,7.3,109.0,2.176,9.0
ts43499,nan,nan,nan,1.247,8.3
ts655,nan,nan,nan,4.803,7.7
ts51294,tt0320964,7.5,100.0,1.4,nan
ts44887,tt0108850,6.3,7.0,11.654000000000002,6.6
ts33070,tt0387584,6.5,126.0,2.595,6.5
ts76736,tt0203228,7.3,40.0,3.4010000000000002,7.0
ts42574,tt0301504,7.1,309.0,2.915,4.5
ts6317,tt0466200,7.1,73.0,6.303999999999999,nan
ts43291,tt2147522,6.0,30.0,2.502,8.0
ts34299,tt0236450,7.0,186.0,4.176,9.0
ts25474,tt0299398,7.0,26.0,2.5980000000000003,nan
ts31051,tt2639316,4.8,9.0,3.697,nan
ts13335,tt5287462,6.5,321.0,5.849,7.7
ts27163,nan,nan,nan,0.6,nan
ts30997,tt0756269,7.3,53.0,6.84,7.0
ts87877,tt0239360,6.6,85.0,0.997,7.0
ts40280,tt0302166,7.7,112.0,5.5120000000000005,nan
ts2961,tt0239361,7.2,71.0,2.813,7.5
ts21482,tt1355642,9.1,156503.0,110.53399999999999,8.7
ts22069,tt0988824,8.7,115863.0,350.68800000000005,8.6
ts11313,tt0877057,9.0,302147.0,104.037,8.7
ts20305,tt0409591,8.4,93980.0,362.73,8.4
ts15151,tt0434665,8.2,51742.0,211.796,8.4
ts31799,tt0423731,8.6,46720.0,17.733,8.3
ts20513,tt1528406,8.0,23932.0,30.543000000000003,7.9
ts35155,tt0948103,8.3,17024.0,22.238000000000003,8.2
ts26050,tt0807832,8.5,13196.0,27.339000000000002,8.2
ts29406,tt0988818,8.7,10445.0,68.218,7.9
ts20548,tt1480925,8.0,5458.0,58.108999999999995,8.2
ts22017,tt1134000,8.1,2360.0,23.142,7.5
ts26322,tt1279024,8.0,14307.0,28.197,8.5
ts47142,tt0400690,6.9,1642.0,10.915,6.7
ts29252,tt0876211,5.4,34.0,0.69,nan
ts31455,tt0493334,6.8,4601.0,42.74100000000001,8.1
ts24199,tt0374407,7.7,2420.0,42.412,7.8
ts20308,tt0328739,7.6,5476.0,27.836,7.2
ts53585,tt1352421,8.1,2009.0,52.335,8.3
ts42441,tt1324968,7.5,984.0,15.833,6.9
ts30083,tt1639109,7.7,13848.0,19.033,8.0
ts12930,tt1674928,6.1,1683.0,35.385,7.8
ts20593,tt1424037,8.1,2108.0,52.173,8.5
ts32478,tt1202625,8.2,3000.0,24.314,8.5
ts20544,tt0816397,8.2,9763.0,15.959000000000001,8.4
ts40775,tt0368520,6.8,711.0,4.31,6.7
ts26449,tt1308089,6.9,1855.0,72.972,7.6
ts52881,tt1745240,7.8,3784.0,30.842,8.7
ts31181,tt0328738,7.9,5743.0,11.919,7.4
ts29076,tt1224144,7.7,1478.0,35.33,8.6
ts17906,tt1636694,6.7,2248.0,8.449,7.6
ts30079,tt1751305,6.5,1498.0,31.318,7.0
ts33291,tt0307427,6.9,1123.0,8.668,7.8
ts1401,tt0387775,7.6,799.0,5.33,6.9
ts33198,tt1068993,6.0,2403.0,21.16,5.5
ts23967,tt0327386,8.1,1964.0,6.322,8.7
ts27365,tt1161684,6.9,2979.0,27.2,8.2
ts36105,tt0434693,7.7,666.0,51.08,7.2
ts44317,tt0437719,7.9,2468.0,5.447,8.1
ts31990,tt0473578,6.9,79.0,15.924000000000001,7.4
ts30146,tt2096097,7.1,3453.0,33.079,7.8
ts26428,tt1196094,6.9,1629.0,13.423,8.1
ts32450,tt0466352,6.9,9.0,48.027,8.5
ts12816,tt1409383,7.6,271.0,14.338,7.5
ts35960,tt0809815,6.9,1246.0,20.378,7.8
ts16399,tt1515996,7.5,1482.0,64.389,6.7
ts19187,tt1276525,7.9,52.0,10.273,6.5
ts21539,tt5340982,6.9,26.0,11.341,7.5
tm176185,tt0485323,7.3,11384.0,26.064,7.3
ts30449,tt11689880,8.0,43.0,6.199,6.6
ts25765,tt1209393,7.3,5172.0,16.465,8.4
ts32519,tt1441577,6.8,217.0,14.283,7.4
ts33980,tt1587394,8.0,2702.0,20.162,8.4
ts177522,tt1216223,7.0,169.0,6.761,8.0
ts1152,tt0466413,7.7,257.0,6.851,5.5
ts41553,tt0426711,8.3,1225.0,16.257,7.4
ts22020,tt1133480,7.3,169.0,16.396,7.6
ts33072,tt0434694,7.1,1403.0,4.546,8.0
ts24483,tt2152368,8.1,1912.0,79.53399999999999,8.2
ts9686,tt1639471,7.1,556.0,17.826,6.6
ts21852,tt0988935,7.2,369.0,11.757,7.9
ts29956,tt1899022,7.3,987.0,15.66,7.1
ts16771,tt0996695,7.7,629.0,27.026999999999997,8.5
ts27189,tt1210339,7.7,1649.0,32.126,6.8
ts26444,tt1506339,7.8,1304.0,10.62,8.1
ts30502,tt1738090,7.6,441.0,9.979,6.7
ts24467,tt1490066,7.0,312.0,3.884,5.1
ts80216,nan,nan,nan,10.65,7.6
ts42557,tt0478838,7.8,1227.0,12.509,7.5
ts53132,tt0372650,7.3,485.0,3.197,6.3
ts28698,tt1608924,7.6,487.0,5.6579999999999995,6.9
ts6355,nan,nan,nan,7.252999999999999,5.4
ts36530,tt1411817,7.3,241.0,13.674000000000001,7.0
ts26931,tt1161657,6.0,141.0,5.327000000000001,6.7
ts31511,tt10236760,7.2,380.0,4.706,7.7
ts2718,tt0297536,6.9,107.0,2.407,7.6
ts11645,tt0978531,5.9,200.0,7.145,7.6
ts39260,tt0479783,7.7,434.0,34.433,7.7
ts27114,tt1209386,8.1,1664.0,6.943,7.9
ts39338,tt1116638,6.6,44.0,1.121,7.0
ts35033,tt1234601,6.6,130.0,9.692,7.3
ts56437,tt0472436,7.7,5431.0,10.312000000000001,7.2
ts23830,tt2334330,7.3,69.0,5.699,7.0
ts60873,tt0816387,7.5,356.0,14.133,7.1
ts57877,nan,nan,nan,2.54,7.0
ts5606,tt0977907,8.4,255.0,32.001,8.4
ts33495,tt1515986,6.0,23.0,1.425,nan
ts47460,tt0389633,6.9,119.0,11.093,7.3
ts26155,tt1161697,7.2,483.0,9.524,6.6
ts78793,nan,nan,nan,0.6,nan
ts30503,tt1815065,7.1,83.0,9.408,7.2
ts25824,tt1515987,6.7,76.0,8.357999999999999,4.3
ts24421,tt1343645,7.2,717.0,12.261,6.8
ts41034,nan,nan,nan,9.386000000000001,5.5
ts41111,tt1409059,7.3,127.0,0.6890000000000001,4.5
ts24469,tt1409064,7.2,105.0,5.051,6.7
ts72541,tt1262009,7.9,45.0,3.0039999999999996,6.0
ts83895,tt0451991,7.7,5431.0,0.6,5.0
ts24532,tt0366848,6.9,1173.0,9.271,8.2
ts34617,tt1132215,6.0,276.0,7.284,6.5
ts30496,tt1729627,6.1,176.0,5.551,6.3
ts63557,tt2296350,5.6,9.0,3.0439999999999996,8.0
ts33241,tt0429462,7.3,204.0,3.7239999999999998,6.0
ts11581,tt1019037,6.1,453.0,4.425,6.9
ts25464,tt1197448,6.5,71.0,6.3839999999999995,nan
ts25680,tt1216050,6.6,263.0,10.184,7.4
ts35062,tt2359708,6.6,31.0,18.9,6.8
ts4142,tt0959544,6.8,298.0,6.524,7.4
ts47193,tt2107575,7.6,73.0,4.797,6.5
ts44050,tt0398533,6.3,570.0,11.437000000000001,7.2
ts55248,tt0758422,7.0,111.0,5.225,8.0
ts12740,tt1424033,6.9,538.0,7.506,6.9
ts37736,nan,nan,nan,0.682,6.3
ts57758,tt1118543,7.5,57.0,3.9210000000000003,5.0
ts32189,tt0434723,6.2,133.0,7.437,5.5
ts32848,tt1148224,5.2,53.0,5.571000000000001,5.0
ts26720,tt1277981,6.6,63.0,3.943,8.0
ts57008,tt0291343,5.6,206.0,1.7919999999999998,2.0
ts45590,tt1172149,6.5,60.0,4.69,6.0
ts85831,tt1281341,7.0,171.0,1.766,nan
ts40788,tt1376370,6.7,155.0,5.662000000000001,8.0
ts23568,tt1356884,6.3,103.0,7.992999999999999,4.8
ts30037,tt4746220,5.2,14.0,2.194,nan
ts9567,tt1515976,5.8,370.0,6.5329999999999995,7.7
ts31545,tt2001705,6.6,43.0,0.81,3.5
ts43417,tt1224487,6.6,107.0,9.524,4.0
ts34154,tt1145380,6.5,337.0,3.092,5.6
ts178815,tt1636704,7.0,27.0,nan,nan
ts73071,tt14895298,nan,nan,0.6,nan
ts3358,tt0463281,6.8,161.0,8.298,10.0
ts23150,tt1463155,5.6,45.0,2.335,3.3
ts38342,tt0983967,6.7,108.0,3.486,5.5
ts25979,tt1301842,6.9,70.0,6.433,7.5
ts45825,tt0857298,7.4,52.0,2.8739999999999997,nan
ts30252,nan,nan,nan,1.3730000000000002,2.0
ts23469,tt4993822,7.3,69.0,4.118,6.7
ts29705,nan,nan,nan,3.7569999999999997,6.3
ts29888,tt1568632,7.0,241.0,7.388999999999999,7.5
ts9999,nan,nan,nan,0.6,nan
ts60066,tt0996255,6.0,47.0,1.4,5.7
ts4514,tt1684707,6.6,14.0,2.12,7.0
ts17411,nan,nan,nan,4.4030000000000005,7.8
ts15147,tt1215996,6.7,246.0,4.957,6.3
ts27188,tt1216123,6.3,65.0,2.307,7.5
ts55976,tt1914829,7.2,216.0,5.452999999999999,6.8
ts43162,tt0441824,7.2,145.0,4.665,8.9
ts189307,tt0997406,7.4,53.0,0.6,nan
ts64924,nan,nan,nan,1.96,nan
ts23504,nan,nan,nan,1.256,6.5
ts27409,tt3221274,8.3,71.0,5.737,7.5
ts27245,tt1311112,6.1,27.0,2.657,7.0
ts23918,nan,nan,nan,1.3940000000000001,nan
ts17078,tt0983951,6.6,34.0,4.38,6.0
ts28370,tt0880283,5.2,21.0,3.591,nan
ts186502,tt1073234,7.4,38.0,0.68,nan
ts38184,tt0298677,6.7,60.0,15.761,10.0
ts26242,nan,nan,nan,2.346,4.0
ts184925,tt1139539,5.0,10.0,1.926,2.0
ts34883,tt1055696,4.1,18.0,1.396,nan
ts80610,tt1300172,6.6,286.0,1.4,3.0
ts32835,tt2098220,9.0,87857.0,117.92399999999999,8.8
ts20433,tt2365202,8.4,20165.0,79.88600000000001,8.8
ts22244,tt1910272,8.8,57356.0,23.285999999999998,8.5
ts20429,tt2250192,7.6,43727.0,73.783,8.3
ts34087,tt1773185,8.3,9055.0,17.086,8.2
ts22232,tt2069441,7.6,16767.0,28.204,7.8
ts28014,tt2176165,7.6,14222.0,53.898,8.6
ts33772,tt2098308,8.3,2742.0,1.4,8.5
ts11151,tt2051178,8.2,12568.0,40.567,8.1
ts9246,tt1799631,7.5,12741.0,44.755,8.1
ts26933,tt2309320,8.0,3057.0,27.805,8.0
ts7708,tt1913273,8.2,12682.0,27.728,8.6
ts27586,tt2425098,7.8,3899.0,20.767,8.6
ts39133,tt2340841,7.8,4677.0,27.803,8.3
ts76614,tt2230761,6.1,108.0,3.3310000000000004,6.0
ts22249,tt2348803,8.3,8052.0,51.824,8.7
ts26929,tt2309302,7.3,3845.0,26.134,8.6
ts27050,tt2377452,7.0,2316.0,29.38,7.2
ts26925,tt2177954,8.1,276.0,10.739,7.7
ts11779,tt2339875,7.1,2093.0,17.344,8.1
ts32360,tt2061551,8.3,3234.0,10.796,8.2
ts11257,tt2150751,8.1,1255.0,20.836,8.3
ts518,tt1882240,7.5,1995.0,22.444000000000003,8.4
ts15793,tt2180883,7.8,2294.0,24.935,8.1
ts27094,tt2564106,6.5,271.0,10.33,8.3
ts26560,tt2267446,8.2,460.0,17.03,8.4
ts21213,tt2363624,5.0,900.0,21.874000000000002,6.9
ts14234,tt2549176,5.8,119.0,31.998,6.3
ts26691,tt2294048,7.5,1377.0,20.430999999999997,8.1
ts33799,nan,nan,nan,1.919,6.0
ts7872,tt2250160,6.8,1227.0,21.065,8.4
ts20670,tt1899047,7.2,519.0,34.385,7.0
ts20997,nan,nan,nan,50.02,7.8
ts8677,tt1856932,6.7,235.0,8.599,9.3
ts27922,tt2301807,7.2,887.0,52.735,6.5
ts34293,tt2785038,7.5,616.0,22.704,8.0
ts11511,tt2291137,7.5,32.0,2.323,10.0
ts12173,tt2250100,6.4,446.0,8.197000000000001,7.0
ts10585,tt2176249,6.5,387.0,6.649,7.9
ts34924,tt1820941,7.7,695.0,5.88,6.8
ts35044,tt1908018,6.3,174.0,4.707,6.2
ts28083,tt2178501,7.7,2598.0,1.706,7.5
ts17235,nan,nan,nan,1.2790000000000001,6.2
ts44764,tt15660128,7.5,101.0,11.046,6.7
ts26590,tt2390066,6.3,102.0,14.032,6.5
ts26766,tt2305660,6.5,127.0,6.827000000000001,5.3
ts35086,nan,nan,nan,3.8560000000000003,8.2
ts33973,tt1909586,7.6,365.0,15.498,7.5
ts36568,nan,nan,nan,17.215999999999998,8.2
ts26895,tt2293824,6.6,171.0,6.676,7.3
ts26817,tt3498252,6.6,531.0,4.824,5.3
ts34953,tt13842070,5.1,9.0,15.109000000000002,6.7
ts4204,tt1868402,5.9,153.0,8.109,5.6
ts32606,tt2074028,6.7,124.0,7.228,7.3
ts27839,tt2266688,6.8,25.0,2.222,2.0
ts4773,tt4563516,6.5,33.0,0.6679999999999999,6.0
ts53007,tt7698428,7.1,32.0,4.922,nan
ts26576,nan,nan,nan,3.3310000000000004,6.7
ts32870,tt5879522,7.0,8.0,3.56,8.0
ts12574,tt2293882,5.7,38.0,2.039,7.3
ts30007,tt2629754,6.7,51.0,7.025,6.2
ts18755,tt5599232,6.4,71.0,6.367999999999999,9.0
ts1118,tt3207686,4.8,15.0,4.851,1.0
ts33166,tt16419390,7.2,73.0,5.505,8.5
ts45074,nan,nan,nan,2.95,8.5
ts27564,tt3237816,5.7,26.0,5.327000000000001,3.0
ts27727,tt6163360,6.3,57.0,4.395,3.0
ts27861,tt14874074,8.8,5.0,5.278,8.0
ts34548,tt13219090,5.8,8.0,2.147,4.0
ts27610,nan,nan,nan,0.6,2.0
ts27514,nan,nan,nan,1.4709999999999999,4.0
ts39184,tt2255264,6.6,91.0,1.4709999999999999,5.3
ts27568,nan,nan,nan,0.6,nan
ts20682,tt2560140,9.0,325381.0,139.388,8.6
ts20112,tt3398540,8.8,22163.0,101.052,8.8
ts20202,tt3741634,7.8,49551.0,100.954,8.5
ts20249,tt3895150,8.5,25293.0,45.086999999999996,8.9
ts20250,tt3358020,8.3,34870.0,49.144,8.5
ts44387,tt2703720,8.0,6359.0,37.474000000000004,8.4
ts34950,tt3114390,7.9,13372.0,20.572,8.4
ts34193,tt2622982,7.6,6535.0,45.87,7.5
ts20014,tt3124992,7.8,2115.0,59.673,8.2
ts22386,tt3066242,7.4,6.0,31.011,8.0
ts33329,tt2575684,6.9,3022.0,85.50299999999999,8.7
ts20683,tt2942218,7.6,4095.0,17.399,8.0
ts41161,tt3225270,7.9,14764.0,36.265,8.5
ts20225,tt3957196,8.0,3827.0,30.963,8.7
ts18865,tt2902582,6.8,2432.0,23.855,8.1
ts20252,tt3989670,6.9,2153.0,27.785,7.3
ts22426,tt3874528,7.1,3273.0,55.055,7.8
ts35487,tt3592708,7.5,4558.0,36.721,8.7
ts4696,tt3621796,8.0,7604.0,61.915,8.0
ts35492,tt3115338,7.4,3307.0,18.089000000000002,8.5
ts224178,nan,nan,nan,13.767000000000001,8.0
ts33718,tt2904418,7.4,3013.0,21.148000000000003,8.5
ts32818,tt2552230,7.0,599.0,8.499,8.0
ts20201,tt3950102,7.5,809.0,20.39,7.8
ts20709,tt2942228,7.7,808.0,44.31100000000001,7.4
ts20240,tt2789238,7.0,1617.0,34.211,7.4
ts33317,tt2632044,7.3,1635.0,15.993,7.4
ts44298,tt3114358,7.8,977.0,16.707,7.5
ts20226,tt3909210,7.1,899.0,25.865,7.2
ts56820,tt3981902,6.8,229.0,10.918,8.0
ts20219,tt3894916,6.4,1130.0,26.585,7.4
ts20807,tt3105422,8.2,1111.0,51.352,8.1
ts20778,tt3590222,7.4,821.0,12.9,7.6
ts44098,tt6444610,7.0,6.0,15.008,6.6
ts37196,tt3213642,7.4,251.0,25.311,6.9
ts22417,tt3448272,7.1,534.0,4.0169999999999995,6.6
ts20227,tt3761892,6.3,201.0,4.698,7.8
ts33694,tt2552240,6.4,632.0,20.072,5.6
ts36927,tt2904426,6.1,352.0,20.921999999999997,7.1
ts32231,tt2781848,6.5,125.0,2.0469999999999997,5.0
ts20063,tt3544556,7.2,2188.0,13.585,7.9
ts33840,tt3104236,7.3,1152.0,29.64,7.4
ts20306,tt3588306,5.5,51.0,7.246,8.9
ts20206,tt3792116,7.4,1322.0,14.036,6.7
ts34755,tt2959370,6.8,224.0,5.904,7.0
ts23262,tt3517010,7.0,294.0,10.302,7.4
ts20222,tt4045510,6.7,779.0,28.955,7.6
ts22348,tt3519238,6.5,151.0,5.113,4.5
ts43922,tt3341534,6.8,417.0,12.994000000000002,8.4
ts55080,tt4744926,7.2,430.0,6.766,6.8
ts32776,tt2575690,7.2,822.0,16.488,7.7
ts56862,tt4008500,7.4,409.0,14.727,7.4
ts20312,tt3563898,6.7,953.0,6.225,7.4
ts20015,tt3954260,6.5,397.0,11.929,6.1
ts22423,tt3658070,6.0,125.0,3.358,3.3
ts33902,tt2909936,7.7,357.0,26.701999999999998,6.4
ts79726,tt2575708,7.2,266.0,1.579,8.0
ts32800,tt3111906,7.1,715.0,12.604000000000001,7.0
ts55113,tt2942224,7.3,340.0,6.15,6.0
ts20212,tt3404370,7.0,331.0,9.695,7.3
ts32201,tt2552262,6.9,532.0,8.22,6.1
ts44217,tt2904686,6.9,169.0,2.835,6.4
ts58384,tt3105434,7.7,37.0,29.963,8.0
ts57972,tt3358452,5.6,129.0,13.011,5.0
ts6358,tt3909838,6.5,124.0,5.495,6.2
ts77637,tt2904596,7.0,263.0,16.927,6.8
ts534,tt3639836,5.8,360.0,9.902000000000001,4.4
ts21362,tt3432310,6.0,109.0,3.111,5.3
ts20073,tt3761860,7.4,123.0,7.511,8.8
ts17721,tt2595474,6.9,108.0,15.693,6.4
ts33243,tt3104096,6.2,79.0,22.785,8.3
ts20018,tt3741446,6.4,458.0,23.699,6.1
ts20091,tt3774756,7.0,80.0,3.767,8.9
ts20075,tt3985242,6.3,199.0,7.697,7.6
ts44018,tt4015266,7.0,462.0,11.655999999999999,6.2
ts77866,tt3198674,5.9,67.0,5.114,4.3
ts12341,tt2781830,6.2,138.0,12.34,6.5
ts34195,tt3247574,7.1,16.0,0.6,10.0
ts9710,tt3104246,7.2,298.0,13.460999999999999,8.2
ts20265,tt3519246,6.0,218.0,4.382,7.4
ts58504,tt3196320,7.4,101.0,5.436,7.5
ts57334,tt3411198,6.6,58.0,7.813,8.5
ts85663,tt4046254,5.5,74.0,5.191,6.2
ts12823,tt2703706,6.7,111.0,6.233,5.5
ts22429,tt6943204,6.9,58.0,13.083,7.2
ts78887,tt2904420,6.4,126.0,2.884,6.4
ts54083,tt2575728,5.6,60.0,11.999,7.0
ts79069,tt3196730,7.0,112.0,4.127,7.3
ts41612,tt3590246,8.1,84.0,2.52,8.2
ts80797,tt3774766,6.7,69.0,10.912,7.9
ts127426,tt6163962,5.7,19.0,4.382,6.0
ts55904,tt3639864,5.1,159.0,7.6979999999999995,6.0
ts33037,tt5819432,5.0,15.0,2.395,5.3
ts33283,tt2552188,6.8,169.0,7.006,5.5
ts75865,tt3199306,6.6,85.0,14.273,7.3
ts78868,nan,nan,nan,0.716,10.0
ts33520,tt2595478,6.9,89.0,6.797000000000001,6.3
ts19223,tt0496193,6.5,48.0,0.6,nan
ts55288,tt6516482,5.4,12.0,4.066,6.6
ts34970,nan,nan,nan,1.287,nan
ts23080,tt3804720,4.9,43.0,2.7939999999999996,4.3
ts80652,tt3644300,7.3,16.0,0.914,nan
ts23081,tt3644244,5.8,42.0,1.4,6.0
ts33517,tt2596090,4.9,52.0,9.61,5.5
ts43934,nan,nan,nan,1.7269999999999999,nan
ts44167,tt3358442,6.7,103.0,4.056,7.3
ts56788,tt3121602,5.8,40.0,6.098,5.0
ts34796,tt2942188,6.7,39.0,1.501,nan
ts58393,tt3975526,5.4,53.0,1.4,4.7
ts57287,nan,nan,nan,2.72,nan
ts35014,tt2703716,6.6,53.0,3.721,nan
ts20067,tt3886492,3.8,31.0,4.728,8.0
ts326146,nan,nan,nan,1.96,nan
ts37539,tt4508902,8.7,148386.0,132.79399999999998,8.4
ts38725,tt5626028,7.8,268.0,59.083,8.8
ts35201,tt0417325,8.2,9651.0,27.516,8.6
ts35573,tt4644488,8.4,28567.0,423.65,8.2
ts39013,tt5897304,8.6,26853.0,50.056000000000004,8.5
ts38785,tt5847454,6.8,5711.0,30.219,7.6
ts21984,tt3837246,8.0,13325.0,60.715,8.6
ts38712,tt5556656,7.2,5326.0,31.873,6.7
ts44928,tt5370118,7.8,9987.0,65.348,8.7
ts41257,tt5607616,8.1,17113.0,66.80199999999999,7.8
ts35578,tt4728568,7.5,7461.0,6.474,7.4
ts37899,tt4869896,7.7,8723.0,50.358000000000004,8.6
ts42169,tt5249462,8.5,42699.0,21.820999999999998,8.7
ts47734,tt6112556,8.4,7792.0,16.177,8.8
ts42256,tt5679720,7.8,5470.0,43.839,8.4
ts38116,tt5344382,7.9,1623.0,7.837999999999999,7.0
ts35275,tt4379632,7.2,2077.0,40.736,7.0
ts36073,tt4958610,6.9,1843.0,34.05,6.9
ts41489,tt12882132,6.8,169.0,28.943,6.8
ts42043,tt6074794,8.4,2586.0,19.401,8.0
ts41487,tt5839706,7.7,3703.0,14.539000000000001,7.8
ts35577,tt5240222,7.0,1911.0,23.148000000000003,7.3
ts38756,tt5637108,7.1,819.0,34.567,8.7
ts35457,tt4616700,7.8,1655.0,33.41,8.7
ts55531,tt3612626,7.0,1141.0,19.629,6.5
ts36812,tt4906830,7.2,2132.0,93.669,8.1
ts38707,tt5603356,6.4,380.0,15.064,7.3
ts41846,tt5839732,7.7,3317.0,20.218,8.1
ts42211,tt5321046,6.2,738.0,17.827,8.1
ts35988,tt4542568,7.8,2758.0,19.214000000000002,7.8
ts53038,tt6153026,5.6,188.0,25.879,6.0
ts43171,tt4129452,7.7,510.0,1.1015700000000002,7.5
ts35459,tt4384306,7.9,1068.0,17.435,8.1
ts41280,tt6100248,7.1,691.0,12.749,6.2
ts32669,tt6410184,6.0,206.0,17.647000000000002,8.2
ts42124,tt7929950,7.9,4513.0,22.93,7.5
ts38724,tt5621006,7.2,639.0,17.505,7.4
ts42629,tt5346952,6.1,725.0,16.047,7.2
ts42102,tt5643030,6.4,1104.0,14.915,6.3
ts51384,tt6220550,6.7,807.0,23.029,6.9
ts55377,tt5236254,6.4,379.0,20.133,8.3
ts35355,tt2218540,6.9,11.0,6.643,6.4
ts51387,tt5879454,6.6,1159.0,21.42,8.7
ts38748,tt5686870,4.7,324.0,7.771,6.1
ts43073,tt5419278,6.9,33.0,11.482999999999999,8.1
ts42206,tt7243824,6.0,71.0,14.071,5.8
ts55543,nan,nan,nan,4.515,6.3
ts38723,tt5095466,6.8,2026.0,43.108000000000004,8.0
ts38720,tt5225712,7.0,1414.0,12.600999999999999,8.0
ts42262,tt5853222,7.2,629.0,18.192,7.0
ts53042,tt6362756,5.2,99.0,2.714,7.3
ts42980,tt5375996,5.9,161.0,6.6610000000000005,7.2
ts35466,tt4623042,7.3,2026.0,31.33,8.7
ts52888,tt6300838,7.1,138.0,10.418,7.0
ts51381,tt6135350,6.4,267.0,4.003,5.2
ts43465,tt4216878,6.3,1413.0,12.057,8.1
ts35329,tt4670988,7.7,1027.0,70.145,7.9
ts51395,tt6114326,6.9,88.0,10.312000000000001,9.0
ts53030,tt6114684,7.3,61.0,5.606,7.4
ts53008,tt8424906,6.7,56.0,5.22,7.1
ts53528,tt6050174,6.7,236.0,13.019,7.0
ts53192,tt6135388,7.3,310.0,5.872000000000001,6.3
ts42251,tt5271506,6.4,1003.0,12.407,6.8
ts39022,tt6765658,8.2,170.0,4.075,9.0
ts39025,tt5679248,5.4,488.0,11.402999999999999,7.8
ts57185,tt4838372,7.5,397.0,52.982,7.3
ts38789,tt5839698,7.1,283.0,12.597999999999999,7.4
ts42160,tt5861670,6.8,814.0,26.781999999999996,7.4
ts58057,nan,nan,nan,7.129,6.5
ts53435,tt11697282,7.6,160.0,8.07,6.0
ts38760,tt5446578,6.9,586.0,9.49,7.1
ts78530,tt5274556,8.3,1548.0,0.632,5.0
ts78866,tt4108620,6.7,116.0,2.188,7.5
ts38791,tt5905350,7.5,980.0,14.475999999999999,7.4
ts38786,tt5903040,6.6,336.0,11.283,6.4
ts42263,tt5897818,7.3,360.0,9.347000000000001,7.0
ts38708,tt5614180,7.1,666.0,11.386,6.5
ts43487,tt5159084,6.6,427.0,9.568999999999999,7.4
ts82050,tt4219290,6.6,76.0,2.912,8.0
ts41927,tt5862798,7.2,807.0,9.298,7.2
ts41021,tt6631966,6.2,156.0,10.088,6.5
ts43871,tt4549712,7.0,907.0,5.932,6.3
ts38714,tt5617332,5.3,442.0,9.036,5.0
ts74785,tt4689276,6.5,270.0,14.027999999999999,8.9
ts56684,tt5423904,5.7,118.0,12.165999999999999,7.2
ts38790,tt5789296,7.1,483.0,8.341000000000001,5.6
ts52835,tt10484890,6.8,55.0,7.216,4.7
ts52955,nan,nan,nan,1.5290000000000001,nan
ts43892,tt4219158,5.6,109.0,3.091,5.0
ts53930,tt6738600,6.8,152.0,10.699000000000002,6.1
ts52836,tt7382936,6.6,314.0,9.462,5.7
ts47701,tt6176438,6.8,168.0,6.117000000000001,5.1
ts75926,tt11296154,6.4,37.0,6.388,8.0
ts52962,tt6344982,7.5,223.0,13.540999999999999,8.9
ts53170,nan,nan,nan,0.966,5.3
ts52872,tt6104656,6.7,315.0,16.585,7.8
ts42549,tt5648400,5.8,64.0,7.7410000000000005,7.8
ts53043,tt6355700,5.2,45.0,3.508,4.5
ts43887,tt3639872,5.9,270.0,7.925,5.9
ts58412,tt4219164,5.4,50.0,3.0189999999999997,7.0
ts36717,tt4760622,7.9,34.0,5.065,nan
ts38787,tt5683292,6.0,162.0,11.814,5.6
ts78756,tt5142364,5.7,15.0,1.805,3.0
ts37754,tt5173790,4.6,34.0,2.061,7.8
ts36690,tt4219136,6.3,132.0,17.569000000000003,4.8
ts53252,tt6354120,5.6,107.0,3.72,5.4
ts42212,tt5321682,7.5,1112.0,16.493,7.1
ts44943,tt5915166,6.2,30.0,3.79,6.5
ts43211,tt5419220,6.1,92.0,1.797,3.2
ts42317,nan,nan,nan,2.63,2.0
ts77087,tt5527048,5.5,83.0,7.619,5.3
ts52886,tt6342604,5.8,42.0,6.103,6.0
ts134515,tt5506866,5.4,27.0,2.464,6.0
ts53096,tt5603088,5.0,43.0,5.349,4.6
ts51377,nan,nan,nan,1.194,5.5
ts42365,tt12362322,6.4,15.0,3.585,nan
ts53098,nan,nan,nan,1.411,6.3
ts66513,nan,nan,nan,4.187,4.7
ts53273,tt6379606,6.3,45.0,3.0269999999999997,6.9
ts42323,tt5871330,6.8,153.0,10.62,6.5
ts78140,tt4808010,7.0,42.0,4.876,8.7
ts53069,tt6350614,6.4,40.0,3.3480000000000003,5.0
ts42350,tt5853206,6.3,146.0,3.551,5.2
ts41183,tt4219148,5.8,164.0,7.178999999999999,6.8
ts38738,tt5674066,5.0,48.0,2.98,4.4
ts39020,tt7724400,5.3,32.0,4.623,5.6
ts133840,tt5532808,6.7,70.0,5.555,3.7
ts52848,tt14202290,6.9,9.0,4.753,5.7
ts232892,tt11653472,7.6,6.0,0.6,nan
ts52957,nan,nan,nan,6.936,6.0
ts43264,tt7524974,4.6,55.0,1.994,5.0
ts341682,nan,nan,nan,0.9440000000000001,nan
ts46812,tt5494078,6.1,68.0,2.772,5.5
ts42985,nan,nan,nan,2.7430000000000003,10.0
ts53021,nan,nan,nan,1.96,7.0
ts43046,tt5354314,6.3,119.0,3.0060000000000002,7.8
ts43287,tt5513012,7.3,78.0,2.2430000000000003,2.3
ts66548,tt5829254,5.4,30.0,3.866,3.3
ts53002,tt7571676,4.6,12.0,5.709,7.0
ts38965,tt5329084,5.2,74.0,12.672,6.7
ts53540,tt6114698,7.5,34.0,11.015,6.7
ts53720,tt10245818,5.3,13.0,1.213,7.4
ts35261,tt4537404,5.5,82.0,2.878,6.5
ts42978,tt5824736,7.2,10.0,1.4,6.0
ts53089,tt5669064,5.1,29.0,6.162000000000001,6.2
ts38726,tt5674072,7.5,56.0,2.322,nan
ts57532,nan,nan,nan,3.637,9.3
ts285494,nan,nan,nan,0.6,nan
ts56647,tt5754594,6.2,96.0,3.1460000000000004,5.0
ts57067,tt14442258,5.5,9.0,4.006,7.0
ts134197,tt5527088,6.5,19.0,0.745,5.0
ts134409,tt5502130,5.3,21.0,0.7909999999999999,2.0
ts219894,nan,nan,nan,0.6,nan
ts74588,tt5650082,6.0,68.0,3.779,7.0
ts55270,tt16435810,nan,nan,2.5789999999999997,9.0
ts42981,tt5345050,6.9,274.0,5.526,6.3
ts55388,tt7621618,6.1,47.0,0.84,1.0
ts42359,nan,nan,nan,1.621,4.3
ts94758,tt8304798,7.8,14.0,nan,nan
ts42381,tt5826266,4.2,32.0,2.032,5.5
ts70564,tt5821698,3.6,60.0,4.467,4.8
ts21877,tt4219142,7.4,119.0,4.336,7.3
ts56255,tt5086972,6.9,48.0,6.297999999999999,8.0
ts46884,tt14478826,nan,nan,1.545,10.0
ts42504,tt5657836,6.8,88.0,9.625,7.6
ts53246,nan,nan,nan,4.3,nan
ts43168,tt5461834,6.5,112.0,5.32,8.0
ts220110,nan,nan,nan,5.465,6.0
ts42264,tt5335782,6.2,94.0,13.493,6.5
ts52834,nan,nan,nan,4.577,6.4
ts296797,tt7441658,8.3,19970.0,82.964,8.5
ts84141,tt8690728,7.5,7080.0,44.306000000000004,8.4
ts84230,tt9054364,8.1,9250.0,59.409,8.8
ts56104,tt6342474,6.9,19595.0,52.858000000000004,7.9
ts75516,tt7326322,7.7,2742.0,36.24,8.8
ts77768,tt7865090,7.4,9142.0,90.537,8.7
ts77726,tt7742120,8.1,1303.0,20.49,7.9
ts89413,tt6127014,6.3,39.0,4.687,4.0
ts82228,tt8673610,7.5,2206.0,25.894000000000002,8.4
ts84280,tt8993398,8.1,10400.0,60.496,8.8
ts77706,tt7836688,8.2,2152.0,17.067,7.7
ts53369,tt6185782,7.7,4077.0,105.819,8.5
ts58045,tt7263328,7.6,4681.0,40.02,8.7
ts84364,tt9054354,7.1,1147.0,20.746,8.4
ts79723,tt5514358,8.4,8478.0,28.919,8.1
ts77415,tt7814574,6.7,923.0,35.428000000000004,7.9
ts79546,tt7965802,7.8,3144.0,28.076999999999998,8.0
ts78390,tt8225204,8.0,1565.0,21.057,7.4
ts77518,tt7808344,7.7,2030.0,42.086999999999996,8.3
ts53433,tt6455986,7.6,3138.0,37.376,8.5
ts79331,tt8010544,6.7,564.0,10.879000000000001,8.0
ts82053,tt8670784,6.4,1952.0,37.368,8.2
ts77716,tt7521578,6.5,2051.0,33.773,6.7
ts78392,tt8253044,8.0,1852.0,23.176,8.3
ts53430,tt6453340,5.6,287.0,11.405,8.1
ts58032,tt7088332,6.5,1963.0,56.641000000000005,7.8
ts53365,tt6402190,6.4,2302.0,49.231,7.6
ts75838,tt7662364,7.3,1013.0,22.134,8.3
ts82074,tt8948304,6.8,454.0,14.335,7.8
ts84403,tt9085692,7.2,883.0,51.533,6.1
ts77783,tt7897050,7.1,893.0,19.328,8.6
ts57802,tt6538106,6.1,1491.0,19.666,8.6
ts75632,tt6279576,7.9,652.0,1.952,8.4
ts75755,tt7535706,6.1,97.0,8.572000000000001,7.2
ts79824,tt7978710,6.8,2272.0,55.806000000000004,8.1
ts58035,tt7136968,6.7,1021.0,23.183000000000003,8.3
ts75698,tt7407236,7.6,464.0,35.632,7.9
ts56105,tt6472710,7.7,1892.0,18.242,8.3
ts58176,tt7124066,7.2,752.0,22.412,7.6
ts79742,tt10240056,5.6,125.0,25.42,7.8
ts55811,tt6819736,7.2,709.0,24.623,8.4
ts82109,tt8515062,7.8,1176.0,24.57,8.9
ts79359,tt8303808,5.5,63.0,6.349,8.2
ts53960,tt6138612,6.4,391.0,14.353,6.7
ts55813,tt6845846,7.0,2062.0,58.867,8.7
ts84431,tt8747928,7.0,659.0,18.12,7.4
ts84415,tt9225320,6.7,486.0,35.282,7.3
ts78393,tt7899522,7.4,96.0,17.838,7.9
ts58041,tt7155052,7.3,1635.0,22.194000000000003,8.3
ts75858,tt7462702,4.9,374.0,9.289,7.9
ts57945,tt7224994,7.1,478.0,15.116,7.5
ts75770,tt7535746,7.2,211.0,10.585,7.8
ts56103,tt6783056,5.5,1318.0,24.589000000000002,5.6
ts79351,tt0287264,6.1,16.0,5.909,5.4
ts53359,tt6435350,7.4,883.0,14.924000000000001,7.7
ts80138,tt8254088,5.3,33.0,8.146,8.3
ts58030,tt7263380,6.4,226.0,14.200999999999999,7.6
ts77769,tt7712706,6.7,1699.0,22.232,8.1
ts77785,tt14563172,7.0,9.0,8.216000000000001,5.0
ts75757,tt7657580,6.9,1163.0,22.741,8.7
ts56657,tt5628740,6.0,264.0,27.846999999999998,5.9
ts77771,tt7964088,7.8,680.0,24.928,7.2
ts53363,tt7797662,4.8,137.0,11.204,5.0
ts79044,tt7725942,7.9,64.0,6.962999999999999,5.9
ts80096,tt8228732,7.7,742.0,23.24,8.6
ts82116,tt8530992,6.4,280.0,9.76,7.6
ts77787,tt7808370,6.9,815.0,12.019,7.3
ts84848,tt8994044,7.3,347.0,14.339,7.1
ts84472,tt9100954,6.7,206.0,5.031000000000001,6.1
ts84305,tt9402026,8.4,1189.0,11.395,7.2
ts75766,nan,nan,nan,12.404000000000002,7.8
ts57946,tt7163698,6.7,1365.0,21.949,8.3
ts86256,tt11038886,8.0,207.0,4.016,8.5
ts57494,tt8503628,6.7,85.0,16.927,8.0
ts58040,tt7122440,4.9,389.0,21.354,5.0
ts82223,tt9042408,5.2,254.0,13.325,4.9
ts75859,tt8941186,7.1,51.0,2.625,8.0
ts53356,tt6407994,7.1,904.0,18.402,6.6
ts77395,tt7700928,8.0,233.0,2.309,7.4
ts58044,tt6994648,7.7,102.0,7.632000000000001,8.5
ts53375,tt6562940,6.5,87.0,10.107000000000001,4.5
ts77713,tt7848474,4.7,158.0,11.532,7.3
ts79325,tt8253268,6.9,193.0,14.759,8.6
ts75856,tt7727278,6.0,206.0,10.68,6.7
ts53357,tt6422976,6.3,602.0,8.807,6.8
ts84464,tt9278360,7.8,92.0,9.34,7.7
ts83187,tt7246908,7.5,381.0,0.6,4.0
ts56112,tt6777074,6.3,712.0,11.902999999999999,6.4
ts89852,tt11629570,7.5,137.0,2.787,10.0
ts82414,tt9286928,7.1,78.0,7.207999999999999,8.3
ts75776,tt7694276,6.6,776.0,15.877,7.9
ts55801,tt7120888,5.3,174.0,13.397,7.2
ts77519,tt7829656,5.4,84.0,12.559000000000001,7.5
ts77517,tt7742090,6.0,34.0,8.526,6.8
ts77773,tt11834102,7.3,15.0,12.823,7.0
ts58357,tt13960942,7.2,12.0,2.803,8.0
ts75761,tt6931266,4.3,138.0,8.369,6.2
ts80087,tt9806640,6.1,42.0,3.13,6.7
ts75905,tt7197316,6.3,82.0,0.107,7.0
ts82039,tt8683066,6.7,158.0,9.468,6.0
ts78454,tt11100658,6.9,83.0,8.166,8.0
ts77788,tt8322496,6.3,69.0,6.098,7.7
ts84278,tt8800144,5.0,129.0,8.41,7.7
ts79352,tt10580768,6.4,167.0,8.276,7.1
ts80099,tt8278998,7.5,61.0,5.471,7.0
ts75769,tt6638842,7.2,583.0,11.838,7.1
ts58049,tt5170006,5.9,95.0,1.075,5.1
ts84552,tt9522024,6.2,38.0,12.5,7.2
ts82037,tt8836500,7.4,344.0,20.182000000000002,7.2
ts75758,tt9724088,7.3,89.0,7.919,5.7
ts82331,tt8673808,7.1,253.0,18.329,7.0
ts84395,tt10066026,7.3,189.0,14.175999999999998,6.8
ts82105,tt0115219,5.2,151.0,2.551,6.4
ts82215,tt10265146,6.5,217.0,27.153000000000002,7.9
ts77772,tt8129662,7.1,321.0,12.249,7.3
ts56243,tt6813106,4.9,68.0,2.523,7.5
ts56248,tt9642532,6.5,85.0,6.287999999999999,6.0
ts53307,nan,nan,nan,12.015,7.0
ts80091,tt12486080,7.8,45.0,13.242,8.4
ts81087,tt8390536,4.1,61.0,0.6,7.0
ts77777,tt8693220,7.1,184.0,17.865,8.6
ts56253,tt8425966,6.1,95.0,6.6770000000000005,7.5
ts84310,tt9150104,5.0,69.0,8.588,5.4
ts58031,tt7858928,5.4,115.0,8.638,8.1
ts84687,tt9646438,7.1,23.0,9.341000000000001,10.0
ts56252,tt6844136,7.0,102.0,6.4270000000000005,7.3
ts84383,nan,nan,nan,6.656000000000001,9.2
ts75774,tt7351628,6.8,537.0,9.472999999999999,8.3
ts79329,tt8253158,6.9,206.0,10.637,6.9
ts75762,tt7963070,7.0,168.0,9.715,7.5
ts84522,tt8403818,3.8,138.0,14.696,7.8
ts56242,tt7001136,6.6,167.0,6.34,8.1
ts53544,nan,nan,nan,0.867,nan
ts56318,tt6754410,5.2,28.0,1.064,5.7
ts84577,tt9182894,5.9,19.0,6.147,8.0
ts53289,tt6401396,7.1,448.0,21.519000000000002,7.1
ts77820,nan,nan,nan,5.699,6.7
ts82274,tt8400662,6.2,122.0,14.838,7.1
ts82129,tt8189276,5.9,116.0,4.441,4.8
ts82038,tt8113938,7.1,141.0,6.859,7.0
ts77697,tt7954970,7.3,334.0,9.453,7.9
ts58143,tt9728264,6.4,100.0,3.208,7.8
ts58054,tt9728290,5.9,43.0,3.26,6.8
ts75861,tt7545002,5.0,33.0,1.5590000000000002,4.0
ts75867,tt11628636,3.4,11.0,6.92,9.0
ts77748,tt0994558,6.6,102.0,2.6519999999999997,7.5
ts80083,tt9162914,7.2,42.0,7.622999999999999,5.0
ts58039,tt7418688,6.4,75.0,3.033,5.3
ts87037,tt7879496,7.9,338.0,14.835612,9.0
ts81286,nan,nan,nan,5.778601999999999,6.0
ts84277,tt9085330,6.4,136.0,3.888,4.6
ts216581,tt11957580,nan,nan,5.172000000000001,nan
ts56247,nan,nan,nan,4.684,7.3
ts82107,tt8646234,6.3,350.0,6.047999999999999,7.3
ts53305,tt6813314,5.7,143.0,6.776,6.1
ts53371,tt14853154,nan,nan,2.7739999999999996,6.0
ts80095,nan,nan,nan,7.234,6.8
ts77419,tt7814540,6.0,95.0,5.961,5.1
ts53373,tt7908372,6.5,77.0,19.121,6.3
ts80089,tt6511342,4.7,9.0,3.372,5.0
ts82386,tt8385224,5.1,72.0,11.772,6.5
ts77446,tt7829962,6.5,108.0,5.459,7.4
ts84401,tt8993614,6.1,163.0,10.659,8.4
ts80894,tt8774888,6.7,123.0,3.2,5.0
ts53372,tt6401430,3.1,185.0,13.014000000000001,5.6
ts75763,tt7918846,5.9,100.0,3.287,7.0
ts80093,tt8278692,5.8,95.0,4.838,6.4
ts53304,tt11471422,4.0,7.0,4.147,4.7
ts55761,tt6735466,6.8,190.0,14.887,7.9
ts58036,tt12510204,7.0,31.0,4.246,7.4
ts53366,tt7361794,5.7,8.0,3.159,8.5
ts67979,tt14350906,8.4,7.0,0.6,nan
ts58405,tt7013036,2.9,19.0,2.924,6.0
ts86157,tt9557050,7.3,11.0,0.6,9.0
ts56326,tt13104352,7.0,14.0,5.138,7.0
ts74900,nan,nan,nan,1.74,6.0
ts53358,tt6543300,6.3,50.0,6.447,5.0
ts82024,tt8574388,6.9,27.0,5.1610000000000005,9.0
ts84491,tt13067512,5.2,33.0,12.66,8.0
ts53431,tt6478640,5.8,18.0,4.484,7.0
ts75868,nan,nan,nan,3.695,6.6
ts58051,tt6477282,6.4,34.0,8.952,8.0
ts81981,tt8231064,6.0,15.0,2.79,4.0
ts77786,tt8271972,6.1,125.0,19.654,6.8
ts93084,tt9060280,nan,nan,1.946,nan
ts56250,tt6424452,7.1,207.0,4.283,7.6
ts76023,nan,nan,nan,4.516,5.5
ts56491,nan,nan,nan,4.053,6.0
ts89806,tt8947808,4.2,11.0,0.637,nan
ts80101,tt12209234,nan,nan,15.981,10.0
ts75863,tt7351734,5.6,38.0,2.7689999999999997,6.7
ts56246,tt10863968,nan,nan,13.415,3.3
ts80088,tt13469436,6.5,11.0,5.192,10.0
ts53380,nan,nan,nan,1.6130000000000002,5.0
ts84366,tt9074304,8.0,80.0,3.1830000000000003,5.3
ts84063,tt10662504,6.2,28.0,5.239,5.6
ts83571,nan,nan,nan,0.6,6.0
ts84363,nan,nan,nan,1.192,nan
ts89954,tt17507922,nan,nan,1.465,nan
ts80077,tt8631252,6.2,53.0,6.4239999999999995,7.3
ts84333,tt7179032,5.0,24.0,1.814,6.3
ts56260,nan,nan,nan,2.0140000000000002,6.0
ts58050,nan,nan,nan,1.28,8.0
ts56322,tt14038042,nan,nan,2.82,nan
ts83598,tt8489330,7.3,103.0,2.26,7.5
ts53374,tt11662748,7.9,21.0,8.713,4.0
ts84237,tt9214568,6.4,12.0,5.627000000000001,10.0
ts84965,tt8755254,6.1,45.0,8.167,6.9
ts80080,tt12017010,nan,nan,2.036,6.3
ts77779,tt14343590,nan,nan,2.972,5.5
ts57808,tt9735448,5.3,19.0,7.172000000000001,8.3
ts113733,tt8010870,nan,nan,nan,nan
ts82036,tt8773498,5.6,16.0,5.156000000000001,5.6
ts53364,tt6436436,6.4,40.0,9.951,6.0
ts78563,tt7847678,6.2,7.0,3.603,nan
ts84520,nan,nan,nan,2.211,6.3
ts87466,tt9335498,8.7,88265.0,131.109,8.8
ts222852,tt12343534,8.6,48949.0,303.199,8.5
ts84631,tt9529546,8.1,11743.0,141.627,8.9
ts84657,tt15807064,8.5,10391.0,141.256,8.8
ts89550,tt9307686,7.6,6329.0,34.173,8.7
ts87563,tt9679542,8.2,17546.0,12.457,8.7
ts84633,tt8788458,8.4,34730.0,56.8,8.9
ts224068,tt12432936,7.3,2949.0,50.92100000000001,8.6
ts224165,tt12057106,7.7,5237.0,35.911,8.6
ts232804,tt11645760,7.0,547.0,52.211999999999996,7.5
ts89560,tt10479420,8.3,3091.0,31.88,9.0
ts87564,tt10431290,7.1,2573.0,13.919,8.7
ts217704,tt10885406,7.9,899.0,70.244,8.6
ts217722,tt11034066,7.6,1416.0,56.515,8.9
ts225828,nan,nan,nan,132.773,8.5
ts225545,tt12227418,7.3,5920.0,53.717,8.4
ts226373,tt12831098,8.0,2214.0,36.916,8.2
ts84640,tt9817980,6.8,2950.0,33.047,8.5
ts225079,tt12464182,6.9,1399.0,66.808,8.4
ts88363,tt9826344,6.3,1331.0,52.833,8.7
ts216555,tt10635210,6.9,686.0,34.279,8.1
ts87375,tt9828724,6.8,2120.0,59.861000000000004,8.3
ts222729,tt16116146,7.8,6.0,87.025,8.8
ts223380,tt11428630,7.5,1474.0,29.469,7.5
ts221078,tt11328872,6.6,871.0,19.678,8.1
ts237364,nan,nan,nan,68.223,7.6
ts255407,tt11858104,8.0,810.0,67.456,8.2
ts86186,tt9584920,7.7,4299.0,62.226000000000006,8.8
ts186408,tt10320398,8.2,1473.0,18.424,8.4
ts220153,tt11418324,6.3,1080.0,40.102,8.4
ts87471,tt11405390,7.3,2284.0,16.528,7.9
ts221923,nan,nan,nan,25.502,7.4
ts102805,tt9525238,7.3,683.0,1.099979,8.1
ts90314,tt10443344,5.1,402.0,24.919,5.7
ts223258,tt11988478,6.8,1311.0,19.123,8.2
ts86176,tt9522316,7.7,687.0,13.636,8.1
ts219171,nan,nan,nan,26.395,8.7
ts213189,tt10431262,5.2,693.0,5.522,6.4
ts216707,nan,nan,nan,10.923,6.6
ts89551,tt10362632,7.0,767.0,11.762,7.9
ts87763,tt7945066,7.3,1535.0,7.4079999999999995,7.5
ts225675,tt12885610,7.0,1392.0,32.147,8.7
ts222505,tt11821792,7.3,759.0,32.051,8.0
ts225134,tt11886236,6.3,447.0,40.593,7.1
ts88954,tt9883676,7.0,902.0,28.066,8.7
ts217527,tt10980934,5.6,269.0,13.520999999999999,7.9
ts255255,nan,nan,nan,8.342,7.5
ts231077,tt11448214,7.3,4831.0,nan,nan
ts220224,nan,nan,nan,22.441,8.8
ts88669,tt9826402,6.4,188.0,20.82,7.7
ts88985,tt9828696,6.4,639.0,23.495,7.9
ts222382,tt12457334,7.0,782.0,11.790999999999999,7.4
ts218885,tt11428586,7.5,821.0,0.6,7.5
ts225854,tt12706854,6.5,754.0,22.604,7.1
ts240634,tt12331342,7.4,1743.0,nan,nan
ts224189,nan,nan,nan,14.328,8.4
ts237411,nan,nan,nan,25.539,8.2
ts236553,nan,nan,nan,23.228,8.3
ts86387,nan,nan,nan,11.120999999999999,6.8
ts225641,nan,nan,nan,30.351,7.7
ts224204,nan,nan,nan,21.22,8.7
ts85668,tt9458372,6.4,407.0,14.062999999999999,7.1
ts236728,tt12694572,6.2,117.0,9.488999999999999,6.2
ts251702,nan,nan,nan,3.2260000000000004,10.0
ts255514,tt13243836,8.3,1381.0,10.619000000000002,8.8
ts236537,tt12642654,7.1,763.0,32.994,8.4
ts222891,nan,nan,nan,20.34,8.4
ts224648,tt12312004,6.1,424.0,17.006,6.9
ts89562,tt10431310,6.3,359.0,28.391,7.9
ts251363,nan,nan,nan,6.59,5.0
ts225665,tt12605636,7.1,441.0,23.279,8.4
ts219078,tt10937602,7.3,570.0,47.928000000000004,8.5
ts187246,tt10256918,6.9,419.0,18.369,7.5
ts89552,tt10443362,6.7,774.0,7.169,7.8
ts90371,tt12899130,7.8,62.0,4.977,7.5
ts216695,tt10671282,6.2,703.0,21.046,5.6
ts221718,tt12728882,7.2,475.0,10.211,6.8
ts90312,tt10347622,6.9,572.0,14.591,7.6
ts223236,tt11428682,6.6,271.0,26.255,8.8
ts251712,tt12803708,4.3,111.0,10.066,4.8
ts222812,tt11299538,7.4,772.0,25.088,7.8
ts224909,tt12100946,6.0,38.0,29.325,7.0
ts286384,tt12792684,7.3,134.0,20.0,5.7
ts90309,tt10427920,6.2,327.0,27.648000000000003,8.1
ts221850,tt11480896,6.9,176.0,3.0789999999999997,6.4
ts87003,tt12887816,nan,nan,0.6,nan
ts84641,tt8731478,6.4,158.0,9.264,6.5
ts226464,tt12080774,6.7,65.0,4.2669999999999995,5.3
ts236900,tt12767982,6.0,186.0,16.087,7.5
ts89554,tt10427926,6.1,543.0,32.421,8.4
ts223219,tt12448470,5.4,290.0,50.147,6.1
ts88978,tt10147790,7.3,61.0,15.17,8.7
ts86890,tt9573854,6.9,301.0,29.465999999999998,7.9
ts88982,tt9883346,6.9,683.0,25.698,8.7
ts222360,tt11295582,5.9,361.0,11.694,6.4
ts217583,nan,nan,nan,12.408,7.1
ts88999,tt9193770,6.9,707.0,19.083,7.0
ts224775,tt12117218,7.3,1605.0,8.845,6.9
ts236710,tt12094170,7.0,47.0,3.938,7.0
ts86183,tt9622614,6.7,307.0,13.975,8.3
ts88446,tt8096510,6.9,292.0,8.976,7.0
ts88981,tt10044772,5.1,78.0,5.976,6.3
ts87468,tt10022916,6.7,202.0,10.203,6.9
ts86700,nan,nan,nan,0.752,9.0
ts88998,tt11764320,5.5,28.0,11.447000000000001,6.7
ts217605,tt11405408,6.7,197.0,7.0920000000000005,4.3
ts217594,tt10718334,nan,nan,2.949,6.7
ts249933,tt12706364,5.3,41.0,1.6,6.2
ts89212,tt13549930,5.0,17.0,4.092,6.3
ts87519,tt9828562,7.1,384.0,16.087,8.8
ts217479,tt11587812,6.4,50.0,6.621,7.5
ts217703,nan,nan,nan,17.737000000000002,7.6
ts88971,tt9828800,7.0,343.0,10.940999999999999,7.5
ts84638,tt9575040,6.2,73.0,4.635,9.7
ts88996,tt9883660,5.7,19.0,13.532,nan
ts89991,nan,nan,nan,4.461,6.0
ts84968,tt9314454,6.8,45.0,6.772,6.7
ts221689,tt11743782,6.8,55.0,9.082,6.2
ts89577,tt13799316,6.0,7.0,6.565,6.0
ts221663,nan,nan,nan,1.298,7.0
ts223490,tt12156162,5.0,15.0,5.109,3.0
ts89557,tt10395126,6.5,51.0,11.265999999999998,8.0
ts242952,tt12350092,4.2,172.0,nan,nan
ts221309,tt12024510,6.6,43.0,8.012,7.0
ts253367,tt13041826,7.0,42.0,4.422,6.5
ts85646,tt10223702,7.3,191.0,8.454,9.0
ts254167,tt13109788,5.4,15.0,1.749,6.5
ts84652,tt9567240,5.9,149.0,10.845999999999998,5.9
ts221300,tt11296252,6.3,73.0,7.93,6.6
ts222695,tt11742122,7.2,245.0,10.632,6.9
ts86181,tt9585568,5.5,51.0,9.08,8.0
ts84635,tt12052708,6.7,9.0,2.487,7.0
ts223648,tt11708996,7.7,32.0,12.216,10.0
ts88987,tt9836798,5.4,40.0,7.653,8.0
ts216452,tt10545652,5.6,65.0,13.602,5.6
ts88341,nan,nan,nan,3.5239999999999996,8.5
ts215898,nan,nan,nan,1.3219999999999998,5.3
ts217603,tt13004300,6.1,19.0,4.346,6.2
ts223789,tt13752200,nan,nan,1.96,7.0
ts218633,tt10675070,6.0,31.0,7.739,9.0
ts89211,tt10696020,5.6,16.0,18.969,6.4
ts84653,tt9520752,4.4,19.0,3.5189999999999997,5.0
ts84992,tt9553076,5.7,51.0,5.386,5.8
ts86184,tt9510780,7.0,102.0,7.627999999999999,6.7
ts223253,tt13049890,6.8,17.0,4.386,5.9
ts236400,tt12675742,5.6,20.0,5.306,8.0
ts268585,nan,nan,nan,1.054,nan
ts86178,nan,nan,nan,1.015,5.5
ts236963,tt12768008,8.1,63.0,9.728,5.7
ts250796,tt12584900,5.7,50.0,19.449,9.0
ts283022,tt13706018,9.0,5847.0,1199.38,8.8
ts86068,tt9359796,6.1,2247.0,159.841,7.4
ts265144,tt13409432,8.7,6884.0,70.60300000000001,8.1
ts286543,tt15765670,8.2,4718.0,162.414,8.4
ts227439,nan,nan,nan,38.191,7.8
ts249912,tt13196080,8.2,13520.0,140.597,8.6
ts271380,tt14134550,8.5,3129.0,14.681,8.8
ts286257,nan,nan,nan,122.712,6.3
ts254486,nan,nan,nan,74.281,8.7
ts283078,tt15447890,7.0,161.0,178.024,6.7
ts224077,tt12063450,8.6,6471.0,43.158,8.3
ts287000,nan,nan,nan,154.69299999999998,7.2
ts326566,nan,nan,nan,103.825,6.4
ts254731,nan,nan,nan,44.095,8.9
ts253340,tt13035210,nan,nan,11.955,9.3
ts314925,tt15789088,6.4,21.0,40.006,nan
ts285780,tt14641098,7.6,1445.0,56.87,8.4
ts271378,tt13851958,8.1,2804.0,1.4,8.4
ts251033,tt12635162,7.3,2843.0,39.382,8.3
ts285872,tt14935960,6.9,1461.0,44.692,6.5
ts272932,nan,nan,nan,76.301,7.4
ts256059,nan,nan,nan,36.687,8.3
ts255541,nan,nan,nan,25.611,7.0
ts237485,tt13411814,5.9,804.0,164.12099999999998,6.2
ts257700,tt13293588,8.4,8436.0,nan,nan
ts251544,tt12779780,7.1,668.0,19.739,8.0
ts277386,tt13676300,6.2,1375.0,79.592,8.2
ts236473,tt12150836,7.5,452.0,22.252,8.4
ts269030,nan,nan,nan,43.818000000000005,8.2
ts225823,nan,nan,nan,51.224,8.1
ts237291,nan,nan,nan,38.955999999999996,8.1
ts285023,tt15128210,6.0,50.0,32.411,7.0
ts289859,tt14187728,7.0,581.0,nan,nan
ts273441,nan,nan,nan,21.951,6.7
ts287274,nan,nan,nan,166.796,5.4
ts268460,nan,nan,nan,32.772,7.4
ts223383,nan,nan,nan,20.46,7.6
ts318255,tt15792808,7.6,220.0,nan,nan
ts300001,tt15582924,6.5,81.0,24.237,7.0
ts225650,nan,nan,nan,45.692,8.3
ts254340,tt14979604,4.1,151.0,23.98,4.0
ts286865,tt14489160,6.6,27.0,18.952,7.0
ts311031,tt15400650,7.4,72.0,26.656999999999996,9.0
ts314633,nan,nan,nan,39.967,5.5
ts286936,nan,nan,nan,35.5,7.0
ts306260,nan,nan,nan,62.163000000000004,5.5
ts225122,tt14414836,6.4,670.0,28.675,8.1
ts235591,nan,nan,nan,1.4,7.4
ts272271,tt15441424,6.2,442.0,56.347,6.8
ts268843,nan,nan,nan,31.734,7.8
ts270159,nan,nan,nan,15.651,8.1
ts223396,nan,nan,nan,11.647,7.5
ts314532,tt15744206,8.0,81.0,171.613,5.0
ts261530,tt13412606,7.4,204.0,6.122999999999999,6.8
ts271639,nan,nan,nan,9.242,6.2
ts251542,nan,nan,nan,39.361,8.4
ts311655,tt19037400,nan,nan,15.934000000000001,nan
ts285174,tt14271876,5.6,166.0,24.541999999999998,7.4
ts268280,nan,nan,nan,39.727,8.3
ts272152,nan,nan,nan,50.916000000000004,7.0
ts227438,tt13758670,6.7,800.0,45.238,8.3
ts250829,nan,nan,nan,11.747,7.8
ts269386,nan,nan,nan,34.124,7.8
ts304619,tt15379240,6.3,199.0,6.796,7.9
ts255909,tt13362302,7.3,672.0,10.804,8.4
ts237360,nan,nan,nan,25.699,7.5
ts317269,nan,nan,nan,171.85299999999998,4.3
ts286322,tt15077804,7.1,35.0,2.905,nan
ts286517,nan,nan,nan,31.401999999999997,5.8
ts251111,nan,nan,nan,22.451999999999998,7.9
ts270987,nan,nan,nan,5.915,4.0
ts306013,tt14408130,6.9,311.0,56.946999999999996,8.0
ts254326,nan,nan,nan,20.374000000000002,5.0
ts269508,tt15018116,6.5,375.0,102.18,6.7
ts225135,tt13103028,7.0,864.0,18.389,7.5
ts223360,nan,nan,nan,24.486,7.2
ts224456,tt13618148,7.1,672.0,21.336,6.6
ts237827,nan,nan,nan,18.363,7.4
ts271399,nan,nan,nan,1.4,8.0
ts289312,nan,nan,nan,64.247,5.8
ts249927,nan,nan,nan,11.934000000000001,6.6
ts225667,tt18272438,6.0,9.0,1.929,3.0
ts225668,tt13635348,1.4,1658.0,4.753,2.0
ts304489,nan,nan,nan,72.149,1.5
ts251767,nan,nan,nan,8.295,6.9
ts287030,tt14470072,6.8,307.0,38.639,7.3
ts268936,tt13795144,6.5,63.0,6.659,5.5
ts255308,nan,nan,nan,28.122,7.9
ts280992,tt13971512,7.1,496.0,nan,nan
ts277823,tt13721276,7.6,30.0,nan,nan
ts256192,nan,nan,nan,10.995999999999999,5.0
ts316284,tt15680762,6.8,12.0,1.06,nan
ts341696,nan,nan,nan,1.4,10.0
ts285028,tt14264200,5.3,45.0,21.185,7.8
ts266630,tt13409418,6.9,99.0,25.351,8.2
ts218796,tt12384506,1.7,750.0,16.55,5.8
ts314720,tt16156710,6.2,13.0,26.844,nan
ts251662,nan,nan,nan,11.435,7.8
ts260304,tt13067534,5.9,297.0,nan,nan
ts267763,nan,nan,nan,24.971,7.4
ts249499,tt13266422,5.3,137.0,19.142,8.0
ts272294,tt14022814,6.1,262.0,17.098,7.1
ts249905,nan,nan,nan,30.319000000000003,7.5
ts254785,nan,nan,nan,8.984,4.7
ts253411,tt13041916,6.0,46.0,6.888999999999999,6.0
ts274718,tt13450886,5.0,10.0,5.492000000000001,nan
ts225165,nan,nan,nan,17.735,7.3
ts272460,tt13984000,5.9,128.0,16.235,8.3
ts253384,nan,nan,nan,12.37,5.7
ts236092,tt13884016,7.4,33.0,7.957999999999999,8.0
ts223694,tt13409440,5.9,186.0,24.954,8.2
ts252949,nan,nan,nan,12.235,3.6
ts267874,tt13415416,6.5,24.0,6.699,7.0
ts268254,tt13985984,5.6,11.0,3.696,5.0
ts285889,tt14827932,4.0,19.0,1.8780000000000001,3.0
ts255190,tt13592988,4.7,15.0,8.032,2.0
